PLAYER_ID,PLAYER_NAME,NICKNAME,TEAM_ID,TEAM_ABBREVIATION,AGE,GP,W,L,W_PCT,MIN,PTS_OFF_TOV,PTS_2ND_CHANCE,PTS_FB,PTS_PAINT,OPP_PTS_OFF_TOV,OPP_PTS_2ND_CHANCE,OPP_PTS_FB,OPP_PTS_PAINT,BLK,BLKA,PF,PFD,NBA_FANTASY_PTS,GP_RANK,W_RANK,L_RANK,W_PCT_RANK,MIN_RANK,PTS_OFF_TOV_RANK,PTS_2ND_CHANCE_RANK,PTS_FB_RANK,PTS_PAINT_RANK,OPP_PTS_OFF_TOV_RANK,OPP_PTS_2ND_CHANCE_RANK,OPP_PTS_FB_RANK,OPP_PTS_PAINT_RANK,BLK_RANK,BLKA_RANK,PF_RANK,PFD_RANK,NBA_FANTASY_PTS_RANK
203932,Aaron Gordon,Aaron,1610612753,ORL,23.0,5,1,4,0.2,163.81666666666666,15,4,13,30,64,40,55,192,1,2,16,23,154.2,111,123,69,139,83,51,113,51,76,143,115,136,141,96,92,133,46,79
1628988,Aaron Holiday,Aaron,1610612754,IND,22.0,3,0,3,0.0,13.483333333333333,2,0,2,2,5,4,2,14,0,0,3,0,4.0,180,173,38,173,190,147,158,129,167,33,31,16,27,141,1,38,191,205
1627846,Abdel Nader,Abdel,1610612760,OKC,25.0,3,1,2,0.333,4.74,0,0,2,2,0,0,0,2,1,0,0,0,5.0,180,123,13,117,206,167,158,129,167,1,1,1,4,96,1,1,191,200
201143,Al Horford,Al,1610612738,BOS,33.0,9,5,4,0.556,310.14166666666665,8,12,5,30,107,62,106,270,7,5,21,18,296.2,70,74,69,59,46,92,61,102,76,173,151,179,168,33,151,150,68,36
202329,Al-Farouq Aminu,Al-Farouq,1610612757,POR,28.0,16,8,8,0.5,399.15166666666664,20,17,20,40,137,128,102,418,10,11,34,25,310.5,18,30,191,74,31,34,45,29,56,186,195,176,195,23,193,177,43,35
1628035,Alfonzo McKinnie,Alfonzo,1610612744,GSW,26.0,22,14,8,0.636,234.96666666666667,14,13,8,30,60,81,65,208,1,4,32,10,135.0,9,9,191,43,58,57,57,81,76,137,167,151,151,96,137,175,95,85
101161,Amir Johnson,Amir,1610612755,PHI,32.0,4,3,1,0.75,19.616666666666667,0,2,0,6,16,6,6,22,0,0,3,0,19.0,151,89,1,4,178,167,135,157,141,55,41,34,38,141,1,38,191,170
203083,Andre Drummond,Andre,1610612765,DET,25.0,4,0,4,0.0,127.34833333333333,6,10,2,48,35,27,71,158,5,11,17,20,154.9,151,173,69,173,111,103,74,129,44,93,92,156,126,48,193,138,59,78
2738,Andre Iguodala,Andre,1610612744,GSW,35.0,21,13,8,0.619,629.3116666666666,43,18,35,100,215,187,182,534,23,3,43,47,559.7,13,15,191,49,11,12,40,16,18,204,202,204,203,6,113,193,18,14
101106,Andrew Bogut,Andrew,1610612744,GSW,34.0,19,13,6,0.684,178.50833333333333,4,13,0,48,60,48,57,146,6,1,38,7,195.3,16,15,177,19,73,117,57,157,44,137,129,139,117,41,58,185,117,60
1629014,Anfernee Simons,Anfernee,1610612757,POR,20.0,5,2,3,0.4,11.991666666666667,4,2,0,0,0,0,2,10,0,0,2,2,7.0,111,106,38,111,194,117,135,157,191,1,1,16,22,141,1,29,161,194
203382,Aron Baynes,Aron,1610612738,BOS,32.0,9,5,4,0.556,115.39833333333333,0,4,0,12,43,36,60,78,2,1,20,4,63.5,70,74,69,59,117,167,113,157,122,112,108,148,81,84,58,147,138,129
203085,Austin Rivers,Austin,1610612745,HOU,26.0,10,6,4,0.6,215.4,6,11,11,22,75,50,79,202,1,2,31,9,124.2,65,61,69,50,62,103,65,60,94,154,132,162,148,96,92,172,103,93
1627732,Ben Simmons,Ben,1610612755,PHI,22.0,12,7,5,0.583,420.69166666666666,30,21,33,142,160,96,140,356,12,6,45,44,424.8,47,42,156,54,29,19,29,18,7,196,176,196,182,17,165,195,21,22
201933,Blake Griffin,Blake,1610612765,DET,30.0,2,0,2,0.0,58.08833333333333,7,8,2,24,18,20,16,66,0,1,9,9,81.4,198,173,13,173,146,98,84,129,90,61,77,61,75,141,58,84,103,119
1626246,Boban Marjanović,Boban,1610612755,PHI,30.0,11,7,4,0.636,104.60666666666667,4,19,0,26,53,21,36,112,3,2,18,16,124.7,52,42,69,43,123,117,35,157,85,127,80,101,100,69,92,142,73,92
202711,Bojan Bogdanović,Bojan,1610612754,IND,30.0,4,0,4,0.0,147.555,17,0,22,32,41,37,53,106,0,5,7,17,134.1,151,173,69,173,94,43,158,26,72,106,109,133,99,141,151,66,71,87
202954,Brad Wanamaker,Brad,1610612738,BOS,29.0,4,2,2,0.5,17.2,3,0,3,2,6,8,10,18,0,0,0,3,18.5,151,106,13,74,182,134,158,121,167,37,49,53,34,141,1,1,149,171
201572,Brook Lopez,Brook,1610612749,MIL,31.0,15,10,5,0.667,437.975,15,35,8,76,125,95,119,326,28,5,46,22,389.9,28,20,156,20,23,51,12,81,28,184,174,186,179,3,151,196,49,27
1628971,Bruce Brown,Bruce,1610612765,DET,22.0,4,0,4,0.0,56.68333333333333,7,2,2,8,23,19,26,72,1,1,8,2,32.6,151,173,69,173,148,98,135,129,133,68,76,83,77,96,58,77,161,157
1627854,Bryn Forbes,Bryn,1610612759,SAS,25.0,7,3,4,0.429,212.28666666666666,2,9,10,12,43,59,41,200,1,3,14,5,118.5,85,89,69,101,63,147,80,69,122,112,147,111,147,96,113,119,130,97
203468,CJ McCollum,CJ,1610612757,POR,27.0,16,8,8,0.5,635.46,54,37,49,146,196,207,174,632,10,16,34,51,618.5,18,30,191,74,10,8,10,10,6,202,205,203,205,23,204,177,15,11
1627747,Caris LeVert,Caris,1610612751,BKN,24.0,5,1,4,0.2,144.3,13,15,5,48,49,50,37,176,2,4,8,21,166.1,111,123,69,139,97,61,53,102,44,121,132,105,134,84,137,77,53,72
1628449,Chris Boucher,Chris,1610612761,TOR,26.0,2,1,1,0.5,4.066666666666666,0,0,0,2,0,0,4,2,1,1,0,1,9.2,198,123,1,74,208,167,158,157,167,1,1,27,4,96,58,1,178,190
101108,Chris Paul,Chris,1610612745,HOU,34.0,11,6,5,0.545,397.42,26,16,30,76,164,118,106,356,7,3,36,48,417.0,52,61,156,67,32,26,50,22,28,197,188,179,182,33,113,183,17,23
203991,Clint Capela,Clint,1610612745,HOU,25.0,11,6,5,0.545,330.7216666666667,12,21,6,92,142,93,89,306,12,10,26,28,295.6,52,61,156,67,39,69,29,91,21,189,173,168,175,17,189,163,36,37
202709,Cory Joseph,Cory,1610612754,IND,27.0,4,0,4,0.0,84.985,2,7,0,14,27,20,30,52,0,1,7,4,53.4,151,173,69,173,130,147,90,157,115,80,77,91,65,141,58,66,138,138
1626156,D'Angelo Russell,D'Angelo,1610612751,BKN,23.0,5,1,4,0.2,147.94333333333333,18,5,10,34,72,58,39,202,1,3,12,9,155.6,111,123,69,139,93,42,107,69,68,152,144,107,148,96,113,104,103,77
201571,D.J. Augustin,D.J.,1610612753,ORL,31.0,5,1,4,0.2,140.785,4,4,7,14,56,42,42,154,1,6,7,10,104.1,111,123,69,139,98,117,113,84,115,132,120,113,120,96,165,66,95,106
1628391,D.J. Wilson,D.J.,1610612749,MIL,23.0,8,6,2,0.75,42.73833333333334,0,0,2,14,30,5,10,26,1,1,7,2,33.0,80,61,13,4,156,167,158,129,115,87,37,53,43,96,58,66,161,156
1627745,Damian Jones,Damian,1610612744,GSW,24.0,4,3,1,0.75,8.1,0,0,0,2,3,1,0,4,0,0,3,1,4.4,151,89,1,4,200,167,158,157,167,28,19,1,10,141,1,38,178,201
203081,Damian Lillard,Damian,1610612757,POR,28.0,16,8,8,0.5,650.115,62,20,37,116,214,208,171,656,5,21,40,109,716.2,18,30,191,74,9,5,32,13,14,203,206,202,207,48,209,190,5,8
1628464,Daniel Theis,Daniel,1610612738,BOS,27.0,7,5,2,0.714,41.905,4,4,4,8,16,0,26,38,1,3,4,4,29.0,85,74,13,12,158,117,113,112,133,55,1,83,56,96,113,48,138,161
201568,Danilo Gallinari,Danilo,1610612746,LAC,30.0,6,2,4,0.333,201.39,6,17,16,40,90,50,86,198,1,7,14,27,203.4,99,106,69,117,65,103,45,40,56,162,132,164,146,96,174,119,39,57
201980,Danny Green,Danny,1610612761,TOR,32.0,24,16,8,0.667,683.7466666666667,15,26,34,22,217,188,245,528,11,4,60,25,412.4,1,1,191,20,8,51,21,17,94,205,203,206,202,20,137,206,43,24
201967,Dante Cunningham,Dante,1610612759,SAS,32.0,5,2,3,0.4,12.95,0,3,3,0,2,0,3,8,0,1,0,0,13.2,111,106,38,111,191,167,123,121,191,20,1,22,17,141,58,1,191,182
1627863,Danuel House Jr.,Danuel,1610612745,HOU,26.0,7,4,3,0.571,140.685,10,0,4,4,52,37,33,130,2,1,11,8,72.9,85,86,38,58,100,79,158,112,147,124,109,97,106,84,58,100,110,123
201954,Darren Collison,Darren,1610612754,IND,31.0,4,0,4,0.0,116.83833333333334,8,2,17,16,36,27,42,82,0,0,11,6,82.4,151,173,69,173,116,92,135,37,108,99,92,113,86,141,1,100,124,118
201942,DeMar DeRozan,DeMar,1610612759,SAS,29.0,7,3,4,0.429,250.56166666666667,13,14,18,70,55,85,65,246,1,6,16,34,273.4,85,89,69,101,55,61,54,35,30,130,170,151,165,96,165,133,26,41
202326,DeMarcus Cousins,DeMarcus,1610612744,GSW,28.0,8,3,5,0.375,133.16166666666666,8,11,5,36,43,37,50,116,6,8,24,28,150.3,80,89,156,116,103,92,65,102,64,112,109,130,103,41,179,160,36,81
201960,DeMarre Carroll,DeMarre,1610612751,BKN,32.0,5,1,4,0.2,119.35,5,0,2,4,41,42,31,146,0,5,8,8,69.0,111,123,69,139,114,109,158,129,147,106,120,93,117,141,151,77,110,127
203471,Dennis Schröder,Dennis,1610612760,OKC,25.0,5,1,4,0.2,150.68,15,10,7,18,51,55,28,154,0,2,11,14,119.7,111,123,69,139,90,51,74,84,102,122,141,88,120,141,92,100,81,96
1629126,Deonte Burton,Deonte,1610612760,OKC,25.0,3,1,2,0.333,4.4816666666666665,0,0,0,2,0,0,0,2,0,0,0,0,4.4,180,123,13,117,207,167,158,157,167,1,1,1,4,141,1,1,191,201
202324,Derrick Favors,Derrick,1610612762,UTA,27.0,5,1,4,0.2,103.075,6,20,2,46,34,27,16,88,9,6,12,14,143.4,111,123,69,139,124,103,32,129,49,92,92,61,90,28,165,104,81,82
1628401,Derrick White,Derrick,1610612759,SAS,24.0,7,3,4,0.429,190.69333333333333,14,6,17,56,41,58,41,188,5,3,17,21,177.7,85,89,69,101,72,57,96,37,38,106,144,111,140,48,113,138,53,66
1627734,Domantas Sabonis,Domantas,1610612754,IND,23.0,4,0,4,0.0,96.08666666666667,4,7,0,16,25,29,30,54,1,1,12,11,99.8,151,173,69,173,126,117,90,157,108,74,97,91,68,96,58,104,91,108
202700,Donatas Motiejunas,Donatas,1610612759,SAS,28.0,5,2,3,0.4,18.5,2,3,0,12,2,0,3,14,0,0,1,2,24.4,111,106,38,111,179,147,123,157,122,20,1,22,27,141,1,19,161,163
1628378,Donovan Mitchell,Donovan,1610612762,UTA,22.0,5,1,4,0.2,193.14166666666668,11,6,16,44,75,42,45,166,1,13,15,25,167.0,111,123,69,139,69,73,96,40,51,154,120,117,129,96,202,128,43,70
203926,Doug McDermott,Doug,1610612754,IND,27.0,3,0,3,0.0,29.216666666666665,0,0,0,4,6,10,10,18,1,0,2,3,21.0,180,173,38,173,167,167,158,157,147,37,55,53,34,96,1,29,149,168
203110,Draymond Green,Draymond,1610612744,GSW,29.0,22,14,8,0.636,850.425,35,48,37,186,286,232,246,646,33,16,85,85,952.1,9,9,191,43,4,15,7,13,5,211,209,207,206,1,204,211,7,3
1629058,Dzanan Musa,Dzanan,1610612751,BKN,20.0,2,0,2,0.0,14.633333333333333,0,0,2,4,5,3,5,14,0,0,4,0,7.0,198,173,13,173,184,167,158,129,147,33,29,31,27,141,1,48,191,194
202722,Dāvis Bertāns,Dāvis,1610612759,SAS,26.0,5,2,3,0.4,78.78666666666666,0,0,0,4,7,15,34,76,1,0,10,3,35.1,111,106,38,111,135,167,158,157,147,41,67,99,79,96,1,91,149,155
202334,Ed Davis,Ed,1610612751,BKN,30.0,3,1,2,0.333,40.8,0,10,0,14,10,21,9,34,1,2,9,3,44.8,180,123,13,117,159,167,74,157,115,49,80,50,53,96,92,84,149,148
1628410,Edmond Sumner,Edmond,1610612754,IND,23.0,1,0,1,0.0,1.6,0,0,0,0,0,0,0,0,0,0,0,0,2.4,209,173,1,173,211,167,158,157,191,1,1,1,1,141,1,1,191,207
202327,Ekpe Udoh,Ekpe,1610612762,UTA,32.0,2,0,2,0.0,6.116666666666666,0,0,0,0,2,2,5,8,0,0,0,0,0.0,198,173,13,173,202,167,158,157,191,20,20,31,17,141,1,1,191,211
202683,Enes Freedom,Enes,1610612757,POR,27.0,16,8,8,0.5,460.5283333333333,20,70,2,128,151,133,123,456,9,15,36,40,429.3,18,30,191,74,20,34,3,129,9,192,196,188,197,28,203,183,22,20
202339,Eric Bledsoe,Eric,1610612749,MIL,29.0,15,10,5,0.667,422.96,31,6,42,100,107,95,113,310,6,8,28,50,402.2,28,20,156,20,27,17,96,11,18,173,174,183,176,41,179,168,16,25
201569,Eric Gordon,Eric,1610612745,HOU,30.0,11,6,5,0.545,409.555,30,22,37,58,185,116,114,398,11,7,22,27,277.6,52,61,156,67,30,19,26,13,36,199,186,185,191,20,174,155,39,40
203961,Eric Moreland,Eric,1610612761,TOR,27.0,8,6,2,0.75,28.166666666666668,0,0,0,2,9,10,8,32,0,0,5,0,23.3,80,61,13,4,170,167,158,157,167,47,55,44,51,141,1,55,191,165
101141,Ersan Ilyasova,Ersan,1610612749,MIL,32.0,15,10,5,0.667,272.2966666666667,11,22,11,36,77,54,69,212,6,5,40,26,259.7,28,20,156,20,52,73,26,60,64,156,139,155,153,41,151,190,42,46
203095,Evan Fournier,Evan,1610612753,ORL,26.0,5,1,4,0.2,174.91833333333332,10,3,11,20,64,40,47,192,0,4,14,9,105.2,111,123,69,139,78,79,123,60,96,143,115,122,141,141,137,119,103,105
202323,Evan Turner,Evan,1610612757,POR,30.0,16,8,8,0.5,245.225,0,6,1,24,74,100,57,220,3,10,22,12,186.9,18,30,191,74,56,167,96,155,90,153,178,139,154,69,189,155,86,61
1627832,Fred VanVleet,Fred,1610612761,TOR,25.0,24,16,8,0.667,591.94,21,19,19,34,152,172,153,476,6,11,49,29,384.0,1,1,191,20,12,32,35,31,68,194,201,201,200,41,193,199,33,28
1627788,Furkan Korkmaz,Furkan,1610612755,PHI,21.0,4,3,1,0.75,35.61666666666667,0,0,0,4,10,2,22,42,1,2,5,7,35.7,151,89,1,4,162,167,158,157,147,49,20,76,61,96,92,55,117,153
202066,Garrett Temple,Garrett,1610612746,LAC,33.0,6,2,4,0.333,62.82333333333333,0,0,0,2,22,20,19,58,1,0,8,9,35.4,99,106,69,117,141,167,158,157,167,67,77,67,69,96,1,77,103,154
1629109,Gary Clark,Gary,1610612745,HOU,24.0,2,1,1,0.5,3.73,0,0,0,0,0,0,2,6,0,0,0,0,1.2,198,123,1,74,209,167,158,157,191,1,1,16,16,141,1,1,191,210
203914,Gary Harris,Gary,1610612743,DEN,24.0,14,7,7,0.5,517.3466666666667,24,9,50,92,107,149,99,472,8,8,38,30,365.6,36,42,180,74,14,27,80,9,21,173,199,175,199,31,179,185,31,29
201588,George Hill,George,1610612749,MIL,33.0,15,10,5,0.667,394.505,24,27,33,78,115,81,95,278,4,7,34,29,341.6,28,20,156,20,33,27,20,18,27,181,167,171,169,61,174,177,33,33
1627777,Georges Niang,Georges,1610612762,UTA,26.0,5,1,4,0.2,54.87166666666667,4,0,11,10,10,18,7,42,1,1,5,0,50.3,111,123,69,139,150,117,158,60,129,49,73,38,61,96,58,55,191,141
101123,Gerald Green,Gerald,1610612745,HOU,33.0,11,6,5,0.545,97.06,9,3,9,4,20,22,20,78,3,2,12,6,69.9,52,61,156,67,125,87,123,73,147,64,84,69,81,69,92,104,124,126
203507,Giannis Antetokounmpo,Giannis,1610612749,MIL,24.0,15,10,5,0.667,513.9,51,50,110,212,134,112,131,368,30,18,48,125,806.1,28,20,156,20,16,9,5,2,3,185,183,193,188,2,207,197,2,5
203922,Glenn Robinson III,Glenn,1610612765,DET,25.0,3,0,3,0.0,35.583333333333336,7,2,2,4,3,7,15,38,0,1,5,2,29.4,180,173,38,173,163,98,135,129,147,28,44,58,56,141,58,55,161,160
202330,Gordon Hayward,Gordon,1610612738,BOS,29.0,9,5,4,0.556,266.605,11,4,13,32,93,70,96,228,3,3,16,16,175.2,70,74,69,59,53,73,113,51,72,165,157,172,157,69,113,133,73,68
1628960,Grayson Allen,Grayson,1610612762,UTA,23.0,2,0,2,0.0,14.05,2,0,0,4,2,5,7,12,0,0,0,4,10.2,198,173,13,173,187,147,158,157,147,20,37,38,26,141,1,1,138,188
202328,Greg Monroe,Greg,1610612755,PHI,29.0,10,6,4,0.6,89.64,5,13,2,28,40,21,57,102,3,4,11,5,103.2,65,61,69,50,129,109,57,129,79,104,80,139,96,69,137,100,130,107
1627824,Guerschon Yabusele,Guerschon,1610612738,BOS,23.0,4,2,2,0.5,13.958333333333334,3,0,3,4,4,4,6,14,1,1,3,4,13.9,151,106,13,74,189,134,158,121,147,31,31,34,27,96,58,38,138,179
202697,Iman Shumpert,Iman,1610612745,HOU,29.0,8,4,4,0.5,109.43166666666667,3,6,3,2,35,34,43,100,0,1,10,4,46.4,80,86,69,74,120,134,96,121,167,93,103,116,95,141,58,91,138,145
1628392,Isaiah Hartenstein,Isaiah,1610612745,HOU,21.0,2,1,1,0.5,2.263333333333333,0,2,0,4,0,0,2,4,0,0,1,0,5.2,198,123,1,74,210,167,135,157,147,1,1,16,10,141,1,19,191,199
202397,Ish Smith,Ish,1610612765,DET,30.0,4,0,4,0.0,80.81666666666666,3,0,0,12,25,18,32,78,1,1,8,3,66.2,151,173,69,173,133,134,158,157,122,74,73,94,81,96,58,77,149,128
1627826,Ivica Zubac,Ivica,1610612746,LAC,22.0,4,1,3,0.25,38.61666666666667,2,11,0,16,12,5,17,28,2,2,5,3,55.9,151,123,38,132,161,147,65,157,108,52,37,63,44,84,92,55,149,136
200755,JJ Redick,JJ,1610612755,PHI,35.0,12,7,5,0.583,375.465,20,6,15,8,141,85,104,320,3,0,32,20,201.1,47,42,156,54,35,34,96,44,133,188,170,177,177,69,1,175,59,58
203210,JaMychal Green,JaMychal,1610612746,LAC,29.0,6,2,4,0.333,140.725,13,5,10,18,47,38,40,134,0,6,22,10,112.9,99,106,69,117,99,61,107,69,102,118,112,110,108,141,165,155,95,100
1628980,Jacob Evans,Jacob,1610612744,GSW,22.0,7,5,2,0.714,17.561666666666667,0,0,0,0,2,9,4,22,0,0,1,1,5.7,85,74,13,12,181,167,158,157,191,20,52,27,38,141,1,19,178,196
203109,Jae Crowder,Jae,1610612762,UTA,28.0,5,1,4,0.2,130.03333333333333,11,13,5,16,47,29,25,92,0,3,7,12,111.8,111,123,69,139,109,73,57,102,108,118,97,81,93,141,113,66,86,102
1627774,Jake Layman,Jake,1610612757,POR,25.0,6,3,3,0.5,20.215,0,0,0,2,5,2,6,24,0,0,3,2,9.8,99,89,38,74,176,167,158,157,167,33,20,34,41,141,1,38,161,189
1627751,Jakob Poeltl,Jakob,1610612759,SAS,23.0,7,3,4,0.429,176.95,6,12,2,46,35,64,45,170,5,1,26,11,151.8,85,89,69,101,75,103,61,129,49,93,153,117,131,48,58,163,91,80
1627750,Jamal Murray,Jamal,1610612743,DEN,22.0,14,7,7,0.5,508.4,37,34,19,116,102,138,97,458,2,10,24,47,496.2,36,42,180,74,17,13,14,31,14,170,197,173,198,84,189,160,18,16
203516,James Ennis III,James,1610612755,PHI,28.0,11,7,4,0.636,231.77166666666668,13,21,11,40,112,54,92,230,3,4,31,19,162.4,52,42,69,43,59,61,29,60,56,180,139,169,159,69,137,172,64,74
201935,James Harden,James,1610612745,HOU,29.0,11,6,5,0.545,424.175,51,24,16,118,188,120,144,406,10,22,41,67,598.5,52,61,156,67,26,9,25,40,12,200,191,197,193,23,210,192,10,12
201162,Jared Dudley,Jared,1610612751,BKN,33.0,4,1,3,0.25,82.23333333333333,5,0,0,0,29,25,21,82,1,0,10,6,38.9,151,123,38,132,132,109,158,157,191,85,89,72,86,96,1,91,124,150
1626185,Jarell Martin,Jarell,1610612753,ORL,25.0,3,0,3,0.0,18.155,0,3,0,4,3,2,0,4,1,0,1,2,16.9,180,173,38,173,180,167,123,157,147,28,20,1,10,96,1,19,161,174
1629020,Jarred Vanderbilt,Jarred,1610612743,DEN,20.0,3,1,2,0.333,4.866666666666666,0,0,0,0,0,0,0,4,1,0,0,0,4.2,180,123,13,117,204,167,158,157,191,1,1,1,10,96,1,1,191,203
1628386,Jarrett Allen,Jarrett,1610612751,BKN,21.0,5,1,4,0.2,110.19833333333334,13,11,2,38,52,40,24,136,3,3,13,19,122.3,111,123,69,139,118,61,65,129,60,124,115,79,113,69,113,113,64,95
1627759,Jaylen Brown,Jaylen,1610612738,BOS,22.0,9,5,4,0.556,273.605,19,9,27,54,94,70,121,230,2,5,30,22,210.4,70,74,69,59,51,39,80,24,42,167,157,187,159,84,151,170,49,55
1628369,Jayson Tatum,Jayson,1610612738,BOS,21.0,9,5,4,0.556,295.21666666666664,23,16,38,50,108,51,113,236,7,9,21,28,267.5,70,74,69,59,48,30,50,12,43,177,136,183,161,33,185,150,36,43
203924,Jerami Grant,Jerami,1610612760,OKC,25.0,5,1,4,0.2,175.97166666666666,10,6,7,20,66,57,57,180,10,2,13,15,131.4,111,123,69,139,77,79,96,84,96,145,142,139,135,23,92,113,79,90
202391,Jeremy Lin,Jeremy,1610612761,TOR,30.0,8,7,1,0.875,26.878333333333334,3,2,0,0,7,10,8,28,0,2,2,2,16.6,80,42,1,1,172,134,135,157,191,41,55,44,44,141,92,29,161,175
1626170,Jerian Grant,Jerian,1610612753,ORL,26.0,3,0,3,0.0,14.016666666666667,0,0,0,2,0,2,0,2,0,0,1,3,13.3,180,173,38,173,188,167,158,157,167,1,20,1,4,141,1,19,149,181
1629010,Jerome Robinson,Jerome,1610612746,LAC,22.0,5,1,4,0.2,46.21,2,2,4,4,8,4,7,34,0,1,4,3,40.7,111,123,69,139,155,147,135,112,147,44,31,38,53,141,58,48,149,149
202710,Jimmy Butler III,Jimmy,1610612755,PHI,29.0,12,7,5,0.583,421.035,35,36,31,110,156,97,128,364,7,5,20,55,465.4,47,42,156,54,28,15,11,20,16,195,177,190,187,33,151,147,13,18
201975,Jodie Meeks,Jodie,1610612761,TOR,31.0,14,9,5,0.643,66.515,0,3,0,8,25,17,15,64,1,1,7,2,46.3,36,28,156,42,140,167,123,157,133,74,71,58,73,96,58,66,161,146
203925,Joe Harris,Joe,1610612751,BKN,27.0,5,1,4,0.2,149.33166666666668,9,6,5,20,61,71,32,196,0,2,12,8,73.7,111,123,69,139,92,87,96,102,96,140,162,94,145,141,92,104,110,122
204060,Joe Ingles,Joe,1610612762,UTA,31.0,5,1,4,0.2,150.61333333333334,15,0,6,8,57,34,32,118,0,0,14,4,123.3,111,123,69,139,91,51,158,91,133,134,103,94,104,141,1,119,138,94
203954,Joel Embiid,Joel,1610612755,PHI,25.0,11,6,5,0.545,334.33,29,28,3,98,110,80,84,256,25,6,34,68,474.5,52,61,156,67,38,24,18,121,20,179,165,163,167,5,165,177,9,17
202720,Jon Leuer,Jon,1610612765,DET,30.0,1,0,1,0.0,4.866666666666666,0,0,0,2,0,2,0,10,0,0,1,1,2.0,209,173,1,173,204,167,158,157,167,1,20,1,22,141,1,19,178,208
1628413,Jonah Bolden,Jonah,1610612755,PHI,23.0,10,7,3,0.7,79.05333333333333,5,3,3,2,36,8,25,70,1,0,12,4,37.3,65,42,38,16,134,109,123,121,167,99,49,81,76,96,1,104,138,151
201973,Jonas Jerebko,Jonas,1610612744,GSW,32.0,16,11,5,0.688,120.95,7,8,6,8,35,42,33,134,2,2,9,5,99.8,18,17,156,18,113,98,84,91,133,93,120,97,108,84,92,84,130,108
1628371,Jonathan Isaac,Jonathan,1610612753,ORL,21.0,5,1,4,0.2,136.565,3,8,0,12,58,31,36,124,5,2,9,10,89.2,111,123,69,139,102,134,84,157,122,136,100,101,105,48,92,84,95,116
203613,Jonathon Simmons,Jonathon,1610612755,PHI,29.0,7,5,2,0.714,51.825,4,2,11,8,26,10,27,58,0,3,2,2,35.8,85,74,13,12,153,117,135,60,133,77,55,87,69,141,113,29,161,152
1628395,Jordan Bell,Jordan,1610612744,GSW,24.0,15,11,4,0.733,105.60833333333333,2,14,6,26,40,38,18,104,7,3,13,5,111.3,28,17,69,9,122,147,54,91,85,104,112,65,97,33,113,113,130,103
101181,Jose Calderon,Jose,1610612765,DET,37.0,3,0,3,0.0,9.666666666666666,0,0,0,0,0,2,0,14,0,0,0,0,10.5,180,173,38,173,199,167,158,157,191,1,20,1,27,141,1,1,191,187
1627823,Juancho Hernangomez,Juancho,1610612743,DEN,23.0,5,3,2,0.6,14.533333333333333,0,0,0,0,2,7,0,8,0,0,2,0,5.6,111,89,13,50,186,167,158,157,191,20,44,1,17,141,1,29,191,197
202695,Kawhi Leonard,Kawhi,1610612761,TOR,28.0,24,16,8,0.667,939.4633333333334,121,75,126,260,273,245,297,738,17,29,56,181,1231.6,1,1,191,20,1,1,1,1,2,209,212,212,212,9,212,203,1,1
202702,Kenneth Faried,Kenneth,1610612745,HOU,29.0,6,4,2,0.667,56.18333333333333,4,7,2,16,17,14,7,40,0,0,6,5,58.2,99,86,13,20,149,117,90,129,108,58,65,38,59,141,1,62,130,132
201142,Kevin Durant,Kevin,1610612744,GSW,30.0,12,8,4,0.667,441.7183333333333,55,38,54,90,150,125,130,356,12,7,38,98,570.8,47,30,69,20,22,7,9,7,23,191,194,192,182,17,174,185,6,13
1626172,Kevon Looney,Kevon,1610612744,GSW,23.0,21,14,7,0.667,431.4116666666667,13,30,13,118,142,119,135,360,11,2,50,23,347.8,13,9,180,20,24,61,17,51,12,189,189,194,185,20,92,200,46,31
203920,Khem Birch,Khem,1610612753,ORL,26.0,5,1,4,0.2,91.545,5,4,2,20,28,14,17,62,5,2,8,9,81.2,111,123,69,139,128,109,113,129,96,82,65,63,72,48,92,77,103,120
203114,Khris Middleton,Khris,1610612749,MIL,27.0,15,10,5,0.667,515.2466666666667,30,18,53,36,151,113,144,408,0,8,44,45,465.0,28,20,156,20,15,19,40,8,64,192,184,197,194,141,179,194,20,19
1629017,Khyri Thomas,Khyri,1610612765,DET,23.0,3,0,3,0.0,15.05,3,3,2,4,0,2,0,16,0,0,0,2,22.4,180,173,38,173,183,134,123,129,147,1,20,1,33,141,1,1,161,166
202691,Klay Thompson,Klay,1610612744,GSW,29.0,21,14,7,0.667,818.015,83,57,64,88,282,218,246,720,15,11,59,35,695.2,13,9,180,20,6,4,4,6,25,210,207,207,211,12,193,205,25,9
2594,Kyle Korver,Kyle,1610612762,UTA,38.0,4,1,3,0.25,29.785,0,2,0,0,14,9,4,24,0,1,6,2,15.0,151,123,38,132,166,167,135,157,191,54,52,27,41,141,58,62,161,177
200768,Kyle Lowry,Kyle,1610612761,TOR,33.0,24,16,8,0.667,900.4883333333333,59,35,71,120,261,234,275,698,7,17,96,116,799.9,1,1,191,20,2,6,12,5,11,207,210,210,210,33,206,212,4,6
203124,Kyle O'Quinn,Kyle,1610612754,IND,29.0,1,0,1,0.0,1.6,0,0,0,0,0,0,0,0,0,0,0,0,-1.0,209,173,1,173,211,167,158,157,191,1,1,1,1,141,1,1,191,212
202681,Kyrie Irving,Kyrie,1610612738,BOS,27.0,9,5,4,0.556,330.24,24,7,30,64,108,78,137,292,4,7,26,38,356.3,70,74,69,59,41,27,90,22,33,177,164,195,173,61,174,163,24,30
200746,LaMarcus Aldridge,LaMarcus,1610612759,SAS,33.0,7,3,4,0.429,243.98333333333332,19,20,6,70,52,77,58,246,7,3,21,27,277.9,85,89,69,101,57,39,32,91,30,124,163,144,165,33,113,150,39,39
1629013,Landry Shamet,Landry,1610612746,LAC,22.0,6,2,4,0.333,173.95333333333335,6,2,9,6,71,45,71,154,0,5,15,10,86.4,99,106,69,117,79,103,135,73,141,151,127,156,120,141,151,128,95,117
204038,Langston Galloway,Langston,1610612765,DET,27.0,4,0,4,0.0,109.905,0,3,3,0,29,24,39,112,4,0,10,2,71.0,151,173,69,173,119,167,123,121,191,85,87,107,100,61,1,91,161,125
1629022,Lonnie Walker IV,Lonnie,1610612759,SAS,20.0,6,3,3,0.5,21.026666666666667,0,0,0,4,2,0,7,18,0,0,0,2,12.9,99,89,38,74,175,167,158,157,147,20,1,38,34,141,1,1,161,183
101150,Lou Williams,Lou,1610612746,LAC,32.0,6,2,4,0.333,176.34666666666666,30,11,22,48,80,62,73,184,1,11,14,30,219.4,99,106,69,117,76,19,65,26,44,159,151,159,137,96,193,119,31,53
1628379,Luke Kennard,Luke,1610612765,DET,23.0,4,0,4,0.0,132.66166666666666,19,6,15,8,33,28,53,142,1,5,6,7,98.7,151,173,69,173,104,39,96,44,133,90,96,133,114,96,151,62,117,110
1627763,Malcolm Brogdon,Malcolm,1610612749,MIL,26.0,7,3,4,0.429,198.22666666666666,11,4,23,38,43,50,42,134,1,4,16,9,175.8,85,89,69,101,66,73,113,25,60,112,132,113,108,96,137,133,103,67
1626259,Malcolm Miller,Malcolm,1610612761,TOR,26.0,10,7,3,0.7,27.745,3,0,2,2,8,6,8,28,1,0,3,2,17.5,65,42,38,16,171,134,158,129,167,44,41,44,44,96,1,38,161,172
1627736,Malik Beasley,Malik,1610612743,DEN,22.0,14,7,7,0.5,280.83166666666665,10,19,19,26,56,84,48,282,1,3,20,22,196.6,36,42,180,74,49,79,35,31,85,132,169,124,171,96,113,147,49,59
201188,Marc Gasol,Marc,1610612761,TOR,34.0,24,16,8,0.667,734.675,44,26,12,62,227,202,236,588,26,5,84,53,640.3,1,1,191,20,7,11,21,58,34,206,204,205,204,4,151,210,14,10
201158,Marco Belinelli,Marco,1610612759,SAS,33.0,7,3,4,0.429,131.44833333333332,5,2,6,6,18,49,48,168,2,1,7,8,72.6,85,89,69,101,106,109,135,91,141,61,130,124,130,84,58,66,110,124
202694,Marcus Morris Sr.,Marcus,1610612738,BOS,29.0,9,5,4,0.556,254.36333333333334,8,12,9,28,86,70,86,236,5,3,22,23,238.1,70,74,69,59,54,92,61,73,79,161,157,164,161,48,113,155,46,50
203935,Marcus Smart,Marcus,1610612738,BOS,25.0,2,0,2,0.0,32.471666666666664,3,2,0,0,9,9,11,40,0,0,3,5,23.8,198,173,13,173,165,134,135,157,191,47,52,57,59,141,1,38,130,164
202693,Markieff Morris,Markieff,1610612760,OKC,29.0,5,1,4,0.2,58.803333333333335,4,2,2,6,17,17,10,42,3,1,9,7,52.1,111,123,69,139,145,117,135,129,141,58,71,53,61,69,58,84,117,139
203486,Mason Plumlee,Mason,1610612743,DEN,29.0,14,7,7,0.5,217.88166666666666,9,26,9,48,42,70,39,226,10,2,39,21,212.9,36,42,180,74,61,87,21,73,44,109,157,107,156,23,92,189,53,54
203090,Maurice Harkless,Maurice,1610612757,POR,26.0,16,8,8,0.5,387.7216666666667,17,31,18,90,140,113,126,382,16,9,56,31,347.1,18,30,191,74,34,43,16,35,23,187,184,189,189,11,185,203,30,32
1628982,Melvin Frazier Jr.,Melvin,1610612753,ORL,22.0,3,0,3,0.0,14.566666666666666,3,2,0,2,0,2,0,2,0,0,0,1,12.8,180,173,38,173,185,134,135,157,167,1,20,1,4,141,1,1,178,184
203086,Meyers Leonard,Meyers,1610612757,POR,27.0,11,5,6,0.455,170.08166666666668,5,9,8,34,36,51,46,182,1,3,27,14,159.0,52,74,177,100,81,109,80,81,68,99,136,120,136,96,113,166,81,75
203487,Michael Carter-Williams,Michael,1610612753,ORL,27.0,5,1,4,0.2,92.315,0,4,4,18,32,11,21,80,0,0,12,12,76.0,111,123,69,139,127,167,113,112,102,89,61,72,85,141,1,104,86,121
203118,Mike Scott,Mike,1610612755,PHI,30.0,10,6,4,0.6,192.94166666666666,4,8,6,14,93,60,67,194,0,0,22,3,106.3,65,61,69,50,71,117,84,91,115,165,148,154,143,141,1,155,149,104
1626149,Montrezl Harrell,Montrezl,1610612746,LAC,25.0,6,2,4,0.333,157.7,20,16,9,88,68,60,71,154,4,4,19,22,182.1,99,106,69,117,87,34,50,73,25,148,148,156,120,61,137,143,49,64
1628420,Monté Morris,Monté,1610612743,DEN,24.0,14,7,7,0.5,224.42833333333334,10,8,19,44,43,65,36,238,1,8,15,10,163.8,36,42,180,74,60,79,84,31,51,112,154,101,164,96,179,128,95,73
1626167,Myles Turner,Myles,1610612754,IND,23.0,4,0,4,0.0,125.895,2,8,0,12,44,23,52,86,7,0,14,10,96.0,151,173,69,173,112,147,84,157,122,117,86,131,89,33,1,119,95,112
2403,Nene,ene,1610612745,HOU,36.0,7,3,4,0.429,52.79333333333334,2,10,0,18,23,10,18,64,2,0,7,6,60.3,85,89,69,101,151,147,74,157,102,68,55,65,73,84,1,66,124,131
203457,Nerlens Noel,Nerlens,1610612760,OKC,25.0,5,1,4,0.2,60.295,4,10,2,24,24,21,8,46,3,2,9,4,57.8,111,123,69,139,143,117,74,129,90,72,80,44,64,69,92,84,138,133
203999,Nikola Jokić,Nikola,1610612743,DEN,24.0,14,7,7,0.5,556.4683333333334,21,71,6,188,121,159,104,500,13,11,54,80,798.4,36,42,180,74,13,32,2,91,4,183,200,177,201,14,193,201,8,7
202703,Nikola Mirotic,Nikola,1610612749,MIL,28.0,14,10,4,0.714,297.8233333333333,10,26,9,34,107,42,111,228,3,5,25,21,245.0,36,20,69,12,47,79,21,73,68,173,120,181,157,69,151,162,53,48
202696,Nikola Vučević,Nikola,1610612753,ORL,28.0,5,1,4,0.2,147.36833333333334,17,6,4,28,60,39,46,172,5,4,12,16,134.5,111,123,69,139,95,43,96,112,79,137,114,120,132,48,137,104,73,86
1626181,Norman Powell,Norman,1610612761,TOR,26.0,23,15,8,0.652,366.305,20,11,31,58,97,87,97,288,0,11,31,18,265.2,8,8,191,40,37,34,65,20,36,168,172,173,172,141,193,172,68,44
200782,P.J. Tucker,P.J.,1610612745,HOU,34.0,11,6,5,0.545,425.58166666666665,37,18,7,28,189,121,128,400,8,3,35,29,324.9,52,61,156,67,25,13,40,84,79,201,192,190,192,31,113,181,33,34
1627783,Pascal Siakam,Pascal,1610612761,TOR,25.0,24,16,8,0.667,891.2766666666666,91,34,87,268,264,230,292,682,17,28,67,59,849.2,1,1,191,20,3,3,14,4,1,208,208,211,208,9,211,207,12,4
1626192,Pat Connaughton,Pat,1610612749,MIL,26.0,15,10,5,0.667,324.17833333333334,17,11,14,42,105,70,88,236,13,4,14,8,284.1,28,20,156,20,44,43,65,46,54,171,157,166,161,14,137,119,110,38
201976,Patrick Beverley,Patrick,1610612746,LAC,30.0,6,2,4,0.333,194.54166666666666,3,6,14,14,79,46,88,184,6,1,21,20,184.6,99,106,69,117,68,134,96,46,115,158,128,166,137,41,58,150,59,63
1627775,Patrick McCaw,Patrick,1610612761,TOR,23.0,11,8,3,0.727,48.48833333333334,2,0,0,0,26,10,21,58,0,0,4,1,19.6,52,30,38,10,154,147,158,157,191,77,55,72,69,141,1,48,178,169
201988,Patty Mills,Patty,1610612759,SAS,30.0,7,3,4,0.429,152.26166666666666,0,2,0,16,26,53,53,162,1,4,9,11,113.5,85,89,69,101,88,167,135,157,108,77,138,133,128,96,137,84,91,99
202331,Paul George,Paul,1610612760,OKC,29.0,5,1,4,0.2,203.87333333333333,14,19,13,38,61,57,58,186,1,8,21,39,224.6,111,123,69,139,64,57,35,51,60,140,142,144,139,96,179,150,23,52
200794,Paul Millsap,Paul,1610612743,DEN,34.0,14,7,7,0.5,468.87166666666667,28,28,11,106,92,117,93,432,15,11,48,65,397.3,36,42,180,74,19,25,18,60,17,164,187,170,196,12,193,197,11,26
202347,Quincy Pondexter,Quincy,1610612759,SAS,31.0,5,2,3,0.4,12.066666666666666,0,0,0,0,2,0,3,8,0,0,2,0,7.2,111,106,38,111,193,167,158,157,191,20,1,22,17,141,1,29,191,192
1626188,Quinn Cook,Quinn,1610612744,GSW,26.0,17,11,6,0.647,193.07666666666665,9,3,17,20,78,58,66,208,1,4,13,4,116.6,17,17,177,41,70,87,123,37,96,157,144,153,151,96,137,113,138,98
203526,Raul Neto,Raul,1610612762,UTA,27.0,3,0,3,0.0,19.64,0,0,2,2,8,4,9,14,0,0,2,0,7.1,180,173,38,173,177,167,158,129,167,44,31,50,27,141,1,29,191,193
101109,Raymond Felton,Raymond,1610612760,OKC,35.0,5,1,4,0.2,56.751666666666665,0,0,5,0,18,16,2,36,1,0,7,3,32.1,111,123,69,139,147,167,158,102,191,61,69,16,55,96,1,66,149,159
202704,Reggie Jackson,Reggie,1610612765,DET,29.0,4,0,4,0.0,107.78333333333333,13,11,9,32,28,26,49,134,0,3,12,12,132.6,151,173,69,173,121,61,65,73,72,82,90,126,108,141,113,104,86,89
201937,Ricky Rubio,Ricky,1610612762,UTA,28.0,5,1,4,0.2,167.5,22,2,13,40,68,40,34,150,1,4,14,20,184.7,111,123,69,139,82,31,135,51,56,148,115,99,119,96,137,119,59,62
1629057,Robert Williams III,Robert,1610612738,BOS,21.0,3,2,1,0.667,12.666666666666666,0,0,0,2,4,11,4,10,0,0,1,2,12.4,180,106,1,20,192,167,158,157,167,31,61,27,22,141,1,19,161,186
1629066,Rodions Kurucs,Rodions,1610612751,BKN,21.0,4,1,3,0.25,68.43333333333334,4,2,1,10,24,29,26,90,0,3,10,7,57.5,151,123,38,132,139,117,135,155,129,72,97,83,91,141,113,91,117,134
203918,Rodney Hood,Rodney,1610612757,POR,26.0,16,8,8,0.5,373.12166666666667,16,22,12,44,106,139,75,340,3,3,28,32,242.2,18,30,191,74,36,47,26,58,51,172,198,160,181,69,113,168,29,49
1626178,Rondae Hollis-Jefferson,Rondae,1610612751,BKN,24.0,4,0,4,0.0,62.45,4,2,7,24,21,16,20,78,5,3,7,16,91.4,151,173,69,173,142,117,135,84,90,65,69,69,81,48,113,66,73,115
1626220,Royce O'Neale,Royce,1610612762,UTA,26.0,5,1,4,0.2,137.19,13,0,7,26,35,34,29,104,2,2,15,6,94.6,111,123,69,139,101,61,158,84,85,93,103,90,97,84,92,128,124,113
200752,Rudy Gay,Rudy,1610612759,SAS,32.0,7,3,4,0.429,178.485,5,7,5,26,35,60,49,206,5,3,13,16,170.0,85,89,69,101,74,109,90,102,85,93,148,126,150,48,113,113,73,69
203497,Rudy Gobert,Rudy,1610612762,UTA,27.0,5,1,4,0.2,152.03333333333333,12,18,4,38,66,35,38,134,13,4,16,19,166.7,111,123,69,139,89,69,40,112,60,145,107,106,108,14,137,133,64,71
201566,Russell Westbrook,Russell,1610612760,OKC,30.0,5,1,4,0.2,197.22,14,17,21,42,70,67,64,194,3,9,19,19,248.5,111,123,69,139,67,57,45,28,54,150,156,150,143,69,185,143,64,47
1628400,Semi Ojeleye,Semi,1610612738,BOS,24.0,6,2,4,0.333,34.50833333333333,3,2,0,2,16,11,20,30,0,1,5,2,17.4,99,106,69,117,164,134,135,157,167,55,61,69,48,141,58,55,161,173
201586,Serge Ibaka,Serge,1610612761,TOR,29.0,24,16,8,0.667,500.245,30,46,14,134,119,119,151,360,23,11,79,33,506.6,1,1,191,20,18,19,8,46,8,182,189,200,185,6,193,209,27,15
203552,Seth Curry,Seth,1610612757,POR,28.0,16,8,8,0.5,326.13666666666666,12,12,13,10,97,121,76,280,4,1,27,13,180.5,18,30,191,74,43,69,61,51,129,168,192,161,170,61,58,166,85,65
203894,Shabazz Napier,Shabazz,1610612751,BKN,27.0,3,0,3,0.0,28.3,2,0,4,4,7,7,8,30,0,2,1,5,51.9,180,173,38,173,169,147,158,112,147,41,44,44,48,141,92,19,130,140
1628983,Shai Gilgeous-Alexander,Shai,1610612746,LAC,20.0,6,2,4,0.333,172.515,16,11,11,28,61,42,55,172,5,6,17,17,157.7,99,106,69,117,80,47,65,60,79,140,120,136,132,48,165,138,71,76
2733,Shaun Livingston,Shaun,1610612744,GSW,33.0,22,14,8,0.636,321.65833333333336,16,14,16,56,90,80,111,320,4,6,35,21,206.7,9,9,191,43,45,47,54,40,38,162,165,181,177,61,165,181,53,56
1628414,Sindarius Thornwell,Sindarius,1610612746,LAC,24.0,4,1,3,0.25,11.768333333333333,2,0,2,2,0,0,3,4,0,1,2,0,12.8,151,123,38,132,195,147,158,129,167,1,1,22,10,141,58,29,191,184
1627746,Skal Labissiere,Skal,1610612757,POR,23.0,3,1,2,0.333,10.5,0,0,0,2,0,0,0,8,0,0,1,1,2.0,180,123,13,117,197,167,158,157,167,1,1,1,17,141,1,19,178,208
203915,Spencer Dinwiddie,Spencer,1610612751,BKN,26.0,5,1,4,0.2,131.48666666666668,12,10,13,36,42,66,21,160,0,2,10,11,98.6,111,123,69,139,105,69,74,51,64,109,155,72,127,141,92,91,91,111
201939,Stephen Curry,Stephen,1610612744,GSW,31.0,22,14,8,0.636,845.5266666666666,115,49,97,124,289,235,257,682,4,18,68,120,985.4,9,9,191,43,5,2,6,3,10,212,211,209,208,61,207,208,3,2
1628425,Sterling Brown,Sterling,1610612749,MIL,24.0,11,8,3,0.727,161.93333333333334,2,5,6,16,48,32,49,142,3,3,17,8,128.5,52,30,38,10,84,147,107,91,108,120,102,126,114,69,113,138,110,91
203500,Steven Adams,Steven,1610612760,OKC,25.0,5,1,4,0.2,159.11833333333334,9,5,6,56,53,49,52,154,5,5,13,16,133.7,111,123,69,139,86,87,107,91,38,127,130,131,120,48,151,113,73,88
1628388,T.J. Leaf,T.J.,1610612754,IND,22.0,1,0,1,0.0,9.78,0,2,0,0,0,3,5,2,0,1,0,1,5.6,209,173,1,173,198,167,135,157,191,1,29,31,4,141,58,1,178,197
204456,T.J. McConnell,T.J.,1610612755,PHI,27.0,9,6,3,0.667,74.80333333333333,2,0,2,18,33,7,26,74,1,0,4,1,55.7,70,61,38,20,137,147,158,129,102,90,44,83,78,96,1,48,178,137
1628390,Terrance Ferguson,Terrance,1610612760,OKC,21.0,5,1,4,0.2,128.065,3,0,10,4,55,31,56,114,0,0,19,0,49.4,111,123,69,139,110,134,158,69,147,130,100,138,102,141,1,143,191,142
203082,Terrence Ross,Terrence,1610612753,ORL,28.0,5,1,4,0.2,146.01833333333335,16,2,14,14,54,27,36,144,2,0,10,15,112.1,111,123,69,139,96,47,135,46,115,129,92,101,116,84,1,91,79,101
1626179,Terry Rozier,Terry,1610612738,BOS,25.0,9,5,4,0.556,161.72,8,7,9,18,51,40,49,130,2,1,15,20,138.3,70,74,69,59,85,92,90,73,102,122,115,126,106,84,58,128,59,83
200757,Thabo Sefolosha,Thabo,1610612762,UTA,35.0,4,1,3,0.25,41.95,0,0,0,2,17,6,19,38,0,1,3,1,16.6,151,123,38,132,157,167,158,157,167,58,41,67,56,141,58,38,178,175
201152,Thaddeus Young,Thaddeus,1610612754,IND,31.0,4,0,4,0.0,130.415,8,4,6,28,39,24,47,90,3,1,10,8,135.1,151,173,69,173,108,92,113,91,79,102,87,122,91,69,58,91,110,84
1629033,Theo Pinson,Theo,1610612751,BKN,23.0,3,0,3,0.0,21.866666666666667,0,0,3,0,5,5,8,18,0,1,0,1,22.1,180,173,38,173,173,167,158,121,191,33,37,44,34,141,58,1,178,167
1627748,Thon Maker,Thon,1610612765,DET,22.0,4,0,4,0.0,68.59666666666666,4,0,4,12,23,13,28,76,4,5,14,10,47.8,151,173,69,173,138,117,158,112,122,68,64,88,79,61,151,119,95,143
204025,Tim Frazier,Tim,1610612749,MIL,28.0,11,9,2,0.818,39.81166666666667,4,4,2,10,30,7,22,30,0,2,5,4,46.8,52,28,13,2,160,117,113,129,129,87,44,76,48,141,92,55,138,144
202699,Tobias Harris,Tobias,1610612755,PHI,26.0,12,7,5,0.583,443.0966666666667,31,17,20,66,174,103,145,390,6,9,30,21,427.0,47,42,156,54,21,17,45,29,32,198,180,199,190,41,185,170,53,21
203503,Tony Snell,Tony,1610612749,MIL,27.0,9,7,2,0.778,28.405,2,0,0,2,23,4,22,22,1,1,3,1,13.6,70,42,13,3,168,147,158,157,167,68,31,76,38,96,58,38,178,180
1628470,Torrey Craig,Torrey,1610612743,DEN,28.0,14,7,7,0.5,330.3883333333333,10,17,7,32,67,100,59,338,5,3,38,14,226.4,36,42,180,74,40,79,45,84,72,147,178,147,180,48,113,185,81,51
1626203,Treveon Graham,Treveon,1610612751,BKN,25.0,5,1,4,0.2,78.67333333333333,2,0,2,4,27,42,9,98,1,0,10,7,32.5,111,123,69,139,136,147,158,129,147,80,120,50,94,96,1,91,117,158
1626168,Trey Lyles,Trey,1610612743,DEN,23.0,3,1,2,0.333,8.05,0,0,0,0,6,4,2,10,0,0,1,0,4.2,180,123,13,117,201,167,158,157,191,37,31,16,22,141,1,19,191,203
201936,Tyreke Evans,Tyreke,1610612754,IND,29.0,4,0,4,0.0,83.94166666666666,15,5,11,20,28,22,24,52,1,3,8,12,91.9,151,173,69,173,131,51,107,60,96,82,84,79,65,96,113,77,86,114
1627820,Tyrone Wallace,Tyrone,1610612746,LAC,25.0,2,0,2,0.0,10.983333333333333,2,0,0,2,0,0,3,4,0,0,2,1,8.7,198,173,13,173,196,147,158,157,167,1,1,22,10,141,1,29,178,191
201961,Wayne Ellington,Wayne,1610612765,DET,31.0,4,0,4,0.0,131.25,0,5,2,2,42,34,60,156,0,6,4,7,63.5,151,173,69,173,107,167,107,129,167,109,103,148,125,141,165,48,117,129
1628411,Wes Iwundu,Wes,1610612753,ORL,24.0,5,1,4,0.2,59.93,4,2,5,6,21,15,15,52,0,1,4,5,45.4,111,123,69,139,144,117,135,102,141,65,67,58,65,141,58,48,130,147
202083,Wesley Matthews,Wesley,1610612754,IND,32.0,4,0,4,0.0,118.60333333333334,10,3,5,4,39,26,45,84,1,0,6,6,56.0,151,173,69,173,115,79,123,102,147,102,90,117,88,96,1,62,124,135
203115,Will Barton,Will,1610612743,DEN,28.0,14,7,7,0.5,327.93333333333334,11,19,14,56,57,107,58,302,9,10,19,18,268.4,36,42,180,74,42,73,35,46,38,134,182,144,174,28,189,143,68,42
201163,Wilson Chandler,Wilson,1610612746,LAC,32.0,4,1,3,0.25,52.42666666666667,2,3,4,6,12,18,7,32,0,1,7,3,28.2,151,123,38,132,152,147,123,112,141,52,73,38,51,141,58,66,149,162
1628380,Zach Collins,Zach,1610612757,POR,21.0,16,8,8,0.5,274.75166666666667,7,18,5,60,84,103,57,222,21,5,54,33,263.6,18,30,191,74,50,98,40,102,35,160,180,139,155,8,151,201,27,45
2585,Zaza Pachulia,Zaza,1610612765,DET,35.0,2,0,2,0.0,21.7,2,0,0,4,6,8,6,28,0,1,3,3,14.8,198,173,13,173,174,147,158,157,147,37,49,34,44,141,58,38,149,178
1629015,Zhaire Smith,Zhaire,1610612755,PHI,20.0,2,0,2,0.0,5.506666666666667,0,0,0,0,0,0,1,0,0,0,0,0,3.0,198,173,13,173,203,167,158,157,191,1,1,15,1,141,1,1,191,206
